title,artist,cluster_id
Elbow Macaroni (Skit),Tech N9ne,0
You Are Allowed 20 Birthday Parties (Album),Patton Oswalt,0
Ich vermiss dich (Radio Mix),Jenney,19
The Fugitives,Blindman's Sun,5
As The Sleeper Awakes,Soilwork,1
Baila Baila  Vent Remix,Deekline & Wizard,12
Liftoff,X-Raided,7
Vem_ Vem,Quinteto Violado,3
(We Don't Need This) Fascist Groove Thang (Rapino Club Mix),Heaven 17,5
Radiation Blues,Dax Riggs,2
Tamborera No. 6,Gran Coquivacoa,7
Ai Hen Jian Dan,Edmond Leung,8
Tant Que L'on S'aimera,Charles Aznavour,8
Bad Girl,Alice Stuart,6
Vibrators,George Lopez,19
Quitxalla,Gertrudis,19
Give It,Helmet,1
Would You Like,Mr Lab!,8
Beautiful One,Terry Dexter,8
To Leave The Building In Order To See What's Inside,Marygold,12
Picture Book,Ray Davies,3
Who Are You,3 Doors Down,1
Consumers (Album Version),45 Grave,10
El Jamaiquino,Poncho Sanchez,7
Britney,Bebo Norman,3
Lost In Space,Hatiras,12
My Lady From South Of Detroit (LP Version),Cactus,3
Fire,Diamond Rexx,19
All The Rage (Clean Album Version),Funeral For A Friend,1
In The Void,Delta 9,1
You (featuring Tank) (Amended Album Version),Plies featuring Tank,4
Blink Of An Eye (Alternative),Berlin,19
Viola Lee,Jim Kweskin_ The Jug Band,3
Argument,Luciana Souza,15
Travel Writer,California Oranges,1
Camiño De Santiago,Carlos Nuñez,10
Get Picked Up (Niyi Can't Mix Version 1),Crazy Girl,18
Standing Outside of Heaven,Jimmy Wakely,16
Do Re Mi,Percy Faith,3
Just An Expression,Bruce Katz Band,5
The Gal I Love,Washboard Sam,9
There She Goes Again,R.E.M.,2
5 4 3 2 1,Rob Mullins,19
Down Home,Nick Ingman,19
Stay Loose,Belle & Sebastian,11
Tempestad,Ray Sandoval,3
Into The Groove,Madonna,12
Whatever It Took,X-Raided,4
Adios_ Mi Corazon,Herb Alpert And The Tijuana Brass,11
Singing The Night,Daniel Kobialka,9
No Return (Album Version),Fastball,3
Cry Yourself To Sleep,War Babies,2
Aubade D'Oiseau,André Verchuren,11
Natty Dread Up Town,The Twinkle Brothers,4
Make That Money (Scrooge's Song) (Album Version),Alice Cooper,19
Ride Wit Me,T-Bone,4
Vida,Andy Andy,5
Standing On My Own,Agnostic Front,1
She's Got Me Singing [Bonus Track],Billy Butler,5
Live At Fabbricaeuropa_ Florence 1,Symbiosis Orchestra,10
Esquilo não samba,Móveis Coloniais de Acaju,5
Assouf,Tinariwen,18
Les Rats,Ramses,10
Let It Go,Kirk Franklin with tobyMac & Sonny (of P.O.D.),18
Reason,Novembre,2
Mythodea - Music for the NASA Mission: 2001 Mars Odyssey/Movement 7,Vangelis,2
Filumena Fabulosa,Marga Gomez,0
Devil In The Wood Pile,Noah Lewis,16
Going Home (Album Version),Crazy Horse,11
Independent Girl (feat. Malki Singh),Apache Indian,7
"Rinaldo : Act 3 \"Or la tromba in suon festante\" [Rinaldo]",Marilyn Horne,6
Those Were the Days,John Berry,8
Quickstep,FSTZ,14
À l'arraché,Edgar Bori,8
Can't Buy A Miracle - Album Version,Randy Stonehill,12
If Loving You Is Wrong I Don't Wanna Be Right,George Faith,4
Three Nil (live) (Album Version),Slipknot,1
Down,Montrose,8
How Do I Maintain Pt. II,Shout Out Out Out Out,3
Le Chant Du Tropeau (La Canción Del Rebaño) Vals Tirolés,Yvette Horner,6
Son Of A Bitch,Uriah Heep,12
Going Home (Album Version),Marc Broussard,3
Tongue,Butthole Surfers,10
Not Meant To Be Found,Alan Silvestri,3
Mi Bomba,Kako,5
Caravane (Live 2006),Raphaël,3
If You Should Walk Away,Chris Clark,5
Lingan,Atman,18
Common Tear,Novika,18
Paradise,Sade,2
When I Grow Up,Fever Ray,10
Sparkle,Camp Lo,4
Once I Had A Woman,Jimi Hendrix,10
I Hate to Be the One to Say,Gene Chandler,7
Close Your Eyes,Atomic Rooster,19
Ni De Ti Wen,Vic Chou,19
Trebraruna,Moonspell,1
Baggage,L7,1
Who Do You Think You're Fooling,Hank Locklin,6
Nada Mas,Mike Vax,9
Jam Intro,Joe Bonamassa,2
Who's Tha Hoe?,X-Raided,4
Snakebit,Kris Kristofferson,12
Second Time Around,Rickie Lee Jones,0
Change You or Change Me (Amended Version),Fabolous,4
Once Upon A Time,Antonio Koudele,3
She's Left Me Again,The Del McCoury Band,11
Abril en Portugal,Perez Prado_ His Orchestra,12
I'll Never Find Another You,Sonny James,3
Accept Crime (Album Version),Alexisonfire,1
Send a Prayer,The Elders,12
The Letters,Rachel Portman,15
O Menino Desce O Morro,Walter Wanderley Trio,16
American Dreams,Charlie Haden,15
Asesíname,Charly García,3
Ogni Silenzio,Petrol,3
Someday You Will,John Wesley Ryles,19
Spotlight,Future Leaders of the World,2
SUPER RISTA,TRAM 11,8
Baby's On Fire,Eno,2
Put Some $ On It,Messy Marv & D.Z.,7
Sentimental Journey,Barbara Lusch,4
Mill Creek,Darden Smith,8
The Money Will Roll Right In,Mudhoney,2
Breathless,Lifer,12
Hold Me,DCX,12
Altas Horas,Entre Ríos,8
Japanese Lullaby,Claire Hamill,8
A Fiery Stride (Ltd. Edition Bonus),Elvenking,1
Serenade valse,Marc Perrone,6
Nothing In Rambling,Memphis Minnie,6
Affaire Mokuwa,Kekele,7
Chivalry,Usher featuring Jermaine Dupri,4
Pac's Break,Big Daddy Rick,14
Following You Around (Album Version),Gail Davies,5
My God Will Always Be Enough,Karen Peck And New River,8
Turn It Over (Album Version),Leslie Mendelson,18
Proud mary,Creedence Clearwater Revisited,2
I Just Knew,Kellie Coffey,2
Each & Every Direction,Donna The Buffalo,18
Si Je M'En Sors,Julie Zenatti,2
I Still Remember,John Pagano_ Burt Bacharach,18
The Order Of Death,Public Image Ltd,10
Stardust,Henry Mancini,16
When She Dances,Joe Bonamassa,11
In The Good Old Summertime,Sophie Tucker,6
Journey's End,Primordial,2
Instrumental Traditional,La Divina Pastora,3
Burbullas A Grella,Xose Manuel Budiño,10
Clothes Of Sand,Solas,8
What Evil Lurks,The Prodigy,14
Fathom Five,Mira,8
Stereophonic Presentation - Process And Passion_ Pt. 4,Roger Reynolds,16
Please Come Back To Me - Live,Albert King,13
Eu E A Brisa (2000 Digital Remaster),Maysa,8
Fuck You,Norther,1
Sample Track 18,Simon Harris,14
FRL. Nicol,Der Plan,7
Nie Wieder (Toktok RMX),Pyranja,17
Percutindo,Djalma Correa,16
Mutations,Salt The Wound,1
A Boy Named Sue,Johnny Cash,19
Forever,Malefaction,1
Nunca Sabras,KALIMBA,8
Lightning Breaks,Plasmatics,10
Go Tell It On The Mountain,Michelle Wright,19
Salvation,John Van Tongeren,2
Skit #2 (Kanye West/Late Registration),Kanye West,17
Estroupele-Troupele. Muiñeira,Os Gaiteiros de Soutelo,6
Colorblind,Hotwire,2
Je Vous Revois_ Madame (Flm ''Le Vagabond Bien Aimé''),Maurice Chevalier,6
Call On The Father,Beres Hammond,4
Under The Bridges Of Paris,Percy Faith,9
Coup De Lune (Remasterisé En 2007),Jacques Higelin,14
Amthran Na Bh Fiann (Ireland),The London Theatre Orchestra,2
Bruno Dika,Madilu System,3
We Got It (Cadillac),Toby Love featuring Julio Voltio,4
Harda They Come,Gyptian,4
Demain au menu,Pascal Lejeune,7
When I Fall In Love,T.G.Sheppard,10
Jesus,Gran Coquivacoa,19
Declaration (This Is It!),Kirk Franklin,7
Arrete! Arrete! Elle me tue,Francis Dhomont,16
Doubt,The Cure,6
Amor A Mi,Ray Vega,8
Right To Work,Chelsea,1
Yellow Moon,Recluse,14
Te extraño porque te extraño,Carlos Baute,12
The Ocean (Live Version),Zebra,2
Stratus (EP Version),Moments In Grace,10
I'll Be There For You (Alternate Mix),The Chinese,11
Orbit,Megadrums,8
Bonnie Kate / Jennie's Chickens (medley),Kevin Burke,16
Almost Grown,Jesse Malin,3
Intro,Erick Sermon,12
Momento De Amor,Pery Ribeiro,3
Nobody To Blame,Deborah Coleman,19
When He Was On The Cross [I Was On His Mind],The Florida Boys,8
Make My Home Where I Hang My Hat,Johnny Copeland,7
They Have a Name,The Chap,4
I'm Still In Love With You,T-Bone Walker,0
Cry,Kelly Clarkson,19
Punkrock Livin',The Products,1
Smile,K'Naan,5
Backwater Blues,Sonny Terry / Brownie McGhee,8
Without Him (Ryman Gospel Reunion Version),Mylon LeFevre,19
Maybe,Janis Joplin,11
La Prétention De Rien,Pascal Obispo,5
Wish I Hadn't Called Home,Dale Hawkins,6
Who R Ya,Sick On The Bus,1
Let's Make Love,JC Lodge,7
Against My Will (LP Version),Brenda Lee,3
Holdin' On,Terry Callier,7
Three Hearts In A Tangle,Roy Drusky,8
She kills,Cirrus,18
Captain Fury,Pumpkin Buzzard,7
Wild Card,Tex Williams,11
Amazing Grace,Jo-El Sonnier,3
The Firebird/Apparition de L'Oiseau de Feu_ poursuivi par Ivan Tsarévitch,Columbia Symphony Orchestra;Igor Stravinsky,9
Erased,Annie Lennox,5
Stompin' at the Savoy,Ann Hampton Callaway;Laura Benanti;Michael Gruber;Everett Bradley,8
Standing On The Corner,Percy Faith & His Orchestra,11
Interplanetary Party,Santana,5
Mississippi Boweavil Blues,Charley Patton,6
You Found Me,The Fray,2
Marie Marie,Wendo Kolosoy,3
Ma Zui,Candy Lo,10
In The Midnight Hour,Cross Country,11
Nothing But Sky [Outro] (Album Version),Jaci Velasquez,10
Ride The Storm,Epitaph,3
Aneurysm,Nirvana,1
Someday My Luck Will Change,"Clarence \"Gatemouth\" Brown",18
Eager (Live),Pete Philly & Perquisite,4
The Roof Song,Mr Brown,2
So Do I,Arthur Tracy,9
Vos plaintes_ vos regrets_ augmentent mon supplice,Juan Diego Flórez / Orquesta Sinfónica de Madrid / Jesús López-Cobos,16
Ulan Bator Girls,Leningrad Cowboys,1
Lost,Roger Sanchez,14
Domingo Valdovinos,Los Originales De San Juan,7
Winding Down Again,The Cannanes,3
Amor De Juventud,Pedro Aznar,8
Take Me Down To LA,Lynette Schultz,19
It Won't Rain Always,Janet Paschal/Charlotte Ritchie/David Phelps,8
Florida By the Sea - The Cocoanuts,The Marx Brothers,6
We Have All The Time In The World,Fun Lovin' Criminals,2
Smpty spaces missing units,Pitch Black,15
Absolute,The Fray,2
The Anniversary Waltz,The Fureys,8
Mood Ring,Paul Thorn,19
Bambenella d' 'o mercato,Gloriana,9
Aceite,Pantanito,2
To the Lions,Converge,1
The Three X's,Electric O & Ishkan,4
Have U Own Things,Chico,4
The Only One I Trust,City High,8
Let's Stay Together (Together Forever),RUN-DMC Featuring Jagged Edge,18
Bumbling Along,Nino Nardini,18
Happy To Meet & Sorry To Part,Séamus Ennis,3
Andale,Los Traileros Del Norte,7
So Ist Das Nun Mal,Andreas Dorau,14
Mary Had A Little Lamb,Stevie Ray Vaughan And Double Trouble,3
Pleas Made Against Stasis,AZ,15
Matti Ja Teppo,Jope Ruonansuu,5
Ain't No Right ( LP Version ),Jane's Addiction,10
Heavy Waist Line,Tyrone Taylor,4
Travelin' Blues,Roy Brown,6
Big Leg Woman Gets My Pay,Blind Boy Fuller,9
Brighten Your Night With My Day,James Taylor,9
La vida (Jp Candela & Vlada Asanin club mix),Carlos Jimenez_ J Elvira_ Oliversam,14
Het Spongebob Squarepants Lied,Spongebob Squarepants,7
Wameru  (LP Version),Shelly Manne,8
What You Made Me (Ugli),Ghost Machine,1
We March To The Beat Of Indifferent Drum,NOFX,2
Da Shit,The Game,7
I Cant Fight This,Marco Demark feat. Peter Millwood,14
Kill Me With Your Heart,Fastway,1
I Like The Way,Tommy James And The Shondells,6
Break My Mind,The Jordanaires,11
El Chisme De La Cuchara,Los Munequitos de Matanzas,8
Summer Sands (feat. Carol Keogh),Sharon Shannon_ Carol Keogh,2
Letter To The King,The Game / Nas,18
When The Levee Breaks,W.A.S.P.,1
Yoga de Sensualite,David & Steve Gordon,8
La La,The Verve Pipe,10
God's Hands,The Oak Ridge Boys,6
Morning at the hotel,Zbigniew Preisner,8
Polles Fores,Giorgos Tsalikis,12
T-Bone,T-Bone,11
Abstracted,Scar Symmetry,1
Bye Bye,Vilma Palma e Vampiros,19
Trop De...,Ramses,4
Resilience,Pariah,14
Diamond In The Rough,Syl Johnson,18
The Milky Way,Ron Goodwin,16
Lefkes Selides,Anna Meliti,5
Denise (Jeremy Carlstedt Funk Variation),Chico Hamilton,18
Ojú!!! (Nettlephonic Remix),Las Niñas,18
Dejaria Todo,Los Titanes,7
All The Fools It Sees,Mitch Ryder & Engerling,8
Hey!,Laidback Luke & Diplo,14
Pose No Threat,Lunasicc,4
Mauna Loa (Vocal),Cyril Pahinui,3
Kui rebeneb taevas,Metsatöll,1
Variations On a Theme of Haendel_ Op.24: 17,Laura Mikkola,15
Lost (Actress Remix),Various Production,8
Since You're In Love,Jesse Malin,18
Angel [Footsteps] (Album Version),Jeff Beck,16
Michaelangelo,23rd Turnoff,3
Los!,Vorstadtkinder,1
Head Hunter,Johnny Otis,5
Conquer Me,Delroy Wilson,18
Loverman,Nick Cave & The Bad Seeds,10
Nordfjorloftet,YGGDRASIL,3
Waltzing Matilda,Leon Berry,7
Ven a Mi,David Saylor,5
Saxambando,Leo Gandelman,5
Slaves & Bulldozers,Soundgarden,12
No Angel (radio/album),Milk Inc.,5
E-mail From Nigeria,Dr. Elmo,4
Did We Not Choose Each Other,Sophie B. Hawkins,19
It Feels Like Rain,Maria Muldaur,8
Magico,QBO,5
The Bravest Kids (Acoustic),Rancid,19
Mardi Gras Mambo (Cajun Mardi Gras Album Version),Jo-El Sonnier,19
Genio Atrapado,Christina Aguilera,5
Caught In A Dream (Album Version),Alice Cooper,2
Quest for Oneness,Mikey Dread,19
Immortal_ Invisible,Glad,19
So So So,The Lord Henry,12
Life Deprived,Old Man's Child,1
Banzai Washout,Way Out West,2
Open (Koobas Koobatronmix),Dub Pistols feat. TK & JMS,4
Se Viene,Bersuit Vergarabat,2
All Night Long,Warrant,12
Shine On Your Shoes,Jerry Lewis,7
Any Wich Way (Freedom Must Come),Manjul,14
Excerpt Of A Speech By Marcus Mosiah Garvey,Buju Banton,0
The Mystery Epoch,Loop Guru,10
King Of Pain,The Police,19
If Ever I Would Leave You,London Theatre Orchestra,9
Take Your Leave Of Me Baby,Doug MacLeod,3
Man I Used To Be,K-OS,4
Guarare (Live At The Beacon Theatre),Ray Barretto,19
1492,Scarlet's Remains,1
Bee Sting Stings,Tullycraft,12
bereit,Panzer AG,11
Funky Butt,Rockin' Dopsie_ Jr._ The Zydeco Twisters,12
Baltech's Lament,The Lord Weird Slough Feg,19
The west's awake,Tony Malone And The Rapparees,8
Páginas del Alma,Yolandita Monge,8
Could You Be Love,Mariano Yanani,16
Whiskey on the Fire,Aaron Watson,7
Warhead (Live in Croatia_ 1993),U.K. Subs,12
Saturday,T.O.K.,7
These Four Walls,Shawn Colvin,3
So In Love,Renee Rosnes,8
The Beat Of My Heart,Eliane Elias,18
Doesn't Get Much Better,Kyle Riabko,4
Stir The Gift,Deitrick Haddon,19
Al Final,KALIMBA,19
Camino,Gipsy Kings,5
I Luv Dat Too,D.O.W.N.,4
Help Me Make It Through the Night,Charley Pride,3
We Heart Billville (LP Version),The Firesign Theatre,8
Push Push,Kat Deluna / Akon,5
Across The Universe,6CycleMind,3
Chateau Strut,Doyle Bramhall,1
Check On It,Beyoncé feat. Slim Thug,5
Breakin' Dishes,Rihanna,2
Bonus Beats (2002 Digital Remaster),N.W.A.,14
Kill Niggaz,Slick Rick,4
Was Ich Von Mir Denke,Der Plan,6
Gut Rot,Fudge Tunnel,1
Where Would You Start? (From Harry),Catherine Howe,8
Gora Gora Badan,Daler Mehndi,5
Le plaisir de perdre (live 1989),Étienne Daho,3
Sheng Li Hu Huan,Steve Chou,12
Them No Care,Super Cat,7
Piroschka,Ruben Cossani,0
Let The Good Times Roll,Beres Hammond Feat. Natural Black,5
Rock N' Roll,Indica,12
Wer Einmal 'A' Gesagt (What Does A Girl Do?),Marcie Blane,7
Patterns,Simon & Garfunkel,3
See you on Sunday,The Charms,19
My Sweet Loving Man,Skeeter Davis,2
Night Shift,Ashbrg,18
Cryin',Aerosmith,2
It Ain't No Use,Z.Z. Hill,12
Silver Bells,Fontaine Sisters,8
Los Brillantes Ojos del Angel (sparked Angel Eyes),Todos,18
We're Always Losing Blood,Evergreen Terrace,1
Mass Destruction,Faithless,1
Mad About the Boy,The Radio Dept,3
Mean Streak,Y&T,1
Happy Halloween Anniversary,Dr. Elmo,8
I'm Thinking Tonight Of My Blue Eyes,Dolly Parton,3
Caviglia,The Mars Volta,9
I Like,Scheich,14
Studio Gangster,5th Ward Boyz,5
Alexander's Ragtime Band,Ray Conniff;Billy Butterfield,2
Time Is/Time Was,Brian Keane,1
Freak Break,Lady Saw,4
Oh! Doctor,Luis Alberto Spinetta,3
Praises,Andrae Crouch,10
Tokyo Freeze,iTAL tEK,14
Banjoreno,Dixieland Jug Blowers,12
Timeless Spirals,Daniel Kobialka,9
Solemn,Scott Glasgow,15
the Cool Down,Soul Ballet,18
Smoke! Smoke! Smoke! (That Cigarette),Tex Williams,6
Round and Round ( LP Version ),Prince & Tevin Campbell,14
Barsanova Brown (Album Version),Eddie Cano,5
Te Ando Buscando,Los Muñequitos De Matanzas,5
Suar Agung,Megadrums,11
The Universe is in the Oven,Cobra Killer,12
A una mamita,Carlos Embales - Cutumba,6
That's The Way It Is,Sun Yan-Zi,17
Wind And Water,Michael Gettel,9
La Montanara,Maria & Margot Hellwig/Thomas Lehrberger,19
Just Between The Two Of Us,Charlie Louvin,6
Blackfoot Allstars,Blackfoot,18
Seni Unuturum,Ebru Gündes,18
First You Cry,Lil' Band O' Gold,3
Silent Night,Old Soul,2
A Little Louder,DJ Icey,14
Breakin' It,Mindy McCready,3
Too Big,Suzi Quatro,5
No You Girls,Franz Ferdinand,8
Less Is More,Roni Size,14
She's A Go,Tum Tum / Double T / LiL Ronnie,4
Sucker,New Found Glory,1
All the Way,Gloria,2
Introduction,Marga Gomez,16
Definition Of A Zilla'Naire,Tum Tum [DJ Drop Mix],17
Genius,Kings Of Leon,11
Studio Dialogue (#19),The Stooges,0
Travellin' (Album Version),The Jeremy Spencer Band,3
Evil Hearted Ada,Flamin' Groovies,12
Oriza Eh,Roberto Roena,12
She Flock To Me,Kurupt_ Rosco_ Jayo Felony & 40 Glocc,4
Ji Nian Pin,Candy Lo,12
Roll Back The Clouds,Christie Hennessy,8
That's The Kind Of Baby For Me,Eddie Cantor,15
Jesus Walked This Lonesome Valley  (The Christmas Guest Album Version),Andy Griffith,5
Printemps,Les Ogres De Barback,11
Avec lui,Michèle Arnaud,6
Ambulance Man,Memphis Jug Band,6
Laziness,Juan Farcik,14
Get Picked Up,Crazy Girl,11
The Wonders,Yami Bolo,7
Tomame O Dejame,Nicho Hinojosa,7
Let The Chips Fall,Charley Pride,11
La Barca,Nelson Ned,7
ICU,Saigon Kick,1
Over You (feat Joyo Velarde_ prod DJ Shadow),Lyrics Born,4
When You're Smiling - Sheik Of Araby,Louis Prima & Keely Smith,12
Dama Dam Mast Kalander,Pardesi,12
In A Dead World (Album Version),Killswitch Engage,1
Wait On The Lord  (LP Version),Shirley Caesar,19
Communication (More Mix),Mario Piu',14
Rock & Roll Renegade,The Frantic,2
Wolverine Blues (Slight Flaw In Master) (1940 Blackhawk Restaurant Chicago),Bob Crosby,6
Passover,Joy Division,2
By Faith I Can Touch Him Now,The Perrys,7
Soo Bawlz,Devo,7
C'Est Moi L'BO$$,Ruffneck,19
Blåsut,Sofia Karlsson,3
Kick Jump - Part Jump,Cobra Killer,6
Battle Of The Tom Tom,Shaman,14
The Sun Shines From You,Teenage Fanclub,1
I'm Poured Out Like Water,Tel Basta,2
Vuelve Junto A Mi,Los Chichos,3
Night Cruiser (Album Version),Deodato,5
Midnight Wind,Jimmy Wakely,8
Catalyst (LP Version),Epidemic,12
"Dirty Movies\" (Album Version)",Van Halen,12
Toot Toot Dixie Bound,Birmingham Jubilee Singers,0
Ghastly Indoctrination,Dark Fortress,10
Rise,Eddie Turner,10
There Is a Way,Jeff & Sheri Easter,2
Poaki,Nicholas,19
Smile,Marvin Sapp,5
I.A.I,Royal S,4
Yang Guang He Xu,Steve Chou,10
Everything I Desire,The Brooklyn Tabernacle Choir,19
Now everybody's gone,Salieri,8
Hot Tamale Baby,Buckwheat Zydeco,2
Wake Up! Wake Up! (Wake Up! Wake Up! Album Version),Everyday Sunday,12
I Don't Give A F**K,D.O.W.N.,4
Mi Amante Amigo,Rocio Jurado,5
The wrong woman,Billy Price_ Fred Chapellier,11
SAMJHO NA,F-4,19
Mary Had A Little Lamb,Stevie Ray Vaughan And Double Trouble,3
Trace Of Time,Emotion Code,14
Hear Me Talking To You,Ma Rainey,0
Den Mporo Na Figo,Angela Dimitriou,5
Between Hell and A Heartbeat [Explicit],Hatebreed (int License),1
The Sun Shine Down My Way,Doug MacLeod,8
Skylark,Ann Hampton Callaway,16
This Ain't Pleasure,L7,1
Neighbor_ Neighbor,Jimmy Hughes,4
Man  On The Side,Bill Perry,2
MVP,Corey / Shaquille O'Neal,4
Livin' A Lie (Video Mix),Milk Inc.,5
Hopelessly,Epitaph,19
The Keys,Jerry Goldsmith,15
da da Diamonds,Soul Ballet,18
Proud,Korn,1
Love Can Run Faster,Robert Palmer,18
Juste Une Fois,Alexis HK,0
The Blue Side of The Sun,Sigmatropic,10
Firedance,Mystic Rhythms Band,19
Let's Have Some Fun,Rodney O_ Joe Cooley,17
New Detroit,Neon Blonde,2
Prelude In C Minor From The Well Tempered-Clavier,Steve Erquiaga,9
Li Jia Chu Zou,Janice Vidal,8
Times Like These,Albin Myers,14
Let It Be Me,Tommy McLain,8
Into Battle,Ensiferum,1
I'm A Killer,Hot Live Guys,2
(Do)Minion,Eluveitie,1
Cuando Quieres Tu,Sonora Santanera,18
Unicorn,David Lynch,13
Active,Dark Party,5
Djessy,Kanda Bongo Man,3
Interlude: Livin'...In Complete Darkness,Janet Jackson,8
Aquel Amor,Flor Silvestre,8
Nightly Cares,Múm,8
Escape From The City,John Williams,9
Time Zone (Album Version),Lauren Wood,10
We're Together Again,Ray Pillow,7
The White Spirit,Uman,8
No One Knows,George Nooks,18
Cri'r Adar Main,The Gentle Good,3
Mine Again,Mariah Carey,16
If Your Na Na Get Wet,Baby Bash,4
Gone,Frankie J,5
Lost In The Funhouse Again,Michael Stanley Band,11
Just Like Lightnin',Joe Satriani,1
L'horizon Chimérique,Julien Clerc,3
The Tie That Binds,Moon Mullican,15
First Boyfriend,Helen Love,7
Raza Cristalera,Los Morros Del Norte,4
G G Kah,Moonface,14
The Mission,30 Seconds To Mars,2
Seikurabe (Karaoke),Yuko Kanzaki,3
The  First Of The Year,Rubyhorse,8
Airto's Jazz Dance,Flora Purim,19
When Summer's Through,THE CHIFFONS,6
Multiplayer,Babylon Disco,12
Bobby's Girl (Previously Unreleased Demo - Stereo),Marcie Blane,11
Freight Train,Elizabeth Cotten,8
Procession,Vangelis,10
Ooh La La,Tyrone Davis,4
The Traveller,Atman,18
Vennette,Maria Bamford,0
Small Axe,Bob Marley,18
Nena Neurótica,Alejandro Lerner,2
Black Tiger,Y&T,1
I'll Show You Love,Usher,10
Zélé,Yodi's,5
I Know A Man,Rev. Timothy Wright,12
Paint Ball,Mario Rosenstock,17
Calling Dr Zarkov,Robin Frederick,10
Love Ain't A Play Thing,Earl Hooker,11
Telling Me Lies,Dolores Keane,19
Heard 'Em Say,Kanye West / Adam Levine,14
Hot Cross Bun,Mikey Dread,4
Existing Alone,Rhian Sheehan,16
Reach For The Ground,The Ghost Of Lemora,5
Mule Get Up In The Alley,Cannon's Jug Stompers,6
Le bar du grand désir,Michèle Bernard,6
I'm Gonna Make Her Mine - Original,Billy Butler,9
Please Come Home For Christmas,Lou Ann Barton,7
Neir,Mau Mau,12
AquaCityBoy,K-OS,5
Nowhere To Run,Michael McDonald,12
Survivalism,Nine Inch Nails,2
Santa Claus Is Coming To Town,Buddy Miles,12
Provisoirement,DÉSOLÉ,18
"Lala Song (Matesi DJ \"Silverstatix\"remix",Bob Sinclar,14
Fat Tianne,Tanto Metro & Devonte,4
Chlore,Pascal Obispo,3
Sarah Palin {I Wanna Lay Pipe},John Brown,7
Liberty,Heavenly,1
Conversation,Jimmy Riley,18
Eddie's Pad,Tom Collier,8
The Call,Backstreet Boys,4
Die Art von Mann,1. Futurologischer Congress,18
Hiraeth am Feirion,The Gentle Good,8
Saylarvee (LP Version),Small Faces,9
Evalia,Placebo,3
Scenario,A Tribe Called Quest,4
Green Fields  (Album Version),Eddie Cano,11
Holla Boyz Outro,Shade Sheist / DJ Vice / DJ Echo / Damizza,4
Easter Parade (1992 Digital Remaster),Andy Russell,6
My Party (Kenna Remix),Kings Of Leon,14
Gospel Train (LP Version),David Meece,19
Suite nupcial (directo Enjoy 07),Jaime Urrutia,12
Hole In The Coal,Pentangle,3
All Over Now,X,1
Runaway Train (LP Version),Geddy Lee,12
Cuando Ya Me Empiece A Quedar Solo,Sui Generis,16
Had To Call (featuring Snoop Dogg & Sleepy Eyed Jones)  (Explicit Chopped & Screwed Version),Twista,4
Two-Sided Politics,Suicidal Tendencies,1
No More Troubles,Sunnyland Slim,9
La Matanza,Grace Gale,2
Medley Final,Kassav',19
L'Amour en Heritage,Alain Morisod,9
On Tha Rox,King Tee,4
Juggernaut,Cauda Pavonis,1
Beautiful,Eminem,18
L.A. Arteest Café,Stew,3
Mesmerise The Future Part 1,Emotion Code,9
Death of Me,Smash Palace,12
Sentimento (Asteri_ Asteraki),Dakis,18
The Lord Will Go Before You,Janet Paschal,5
Backseat Driver,Debbie Davies,19
Old Memory,Ashton Shepherd,8
Slips Of Paper,Dave Brockie Experience,12
Sex,Bow Wow Wow,1
Refuge,Matisyahu,5
Engel,Der Plan,19
Oh Little Town Of Bethlehem,Sergio Franchi,6
More Than Vocals (MTV),Natural Elements,7
Ku Klux Klan,Steel Pulse,4
Rossignol Montmartrois (Polka),Jo Privat,4
Shape Of My Heart,Backstreet Boys,5
Lively Up Yourself,Bob Marley,18
A Girls Oath,Eluveitie,2
Love Selecta (feat Iffectz & Marwa),Alex,12
Whosoever Will (LP Version),Marvin Sapp,8
Get On Our Own,Buzzcocks,2
Just My Baby,Rickie Lee Jones,19
Concerto for Orchestra (Zoroastrian Riddles) (1996)/3. Adagio non troppo,David Zinman;Pittsburgh Symphony Orchestra,13
I'm All Yours (LP Version),Rachael Lampa,19
Anybody Seen My Girl,Keb'Mo',8
I denna ljuva sommartid,Sofia Karlsson,8
Because Of You,Cece Winans,7
Pegadito,Tommy Torres,19
Width Of The World,Tin Hat Trio,10
Dinner Party Pool Music,Angelo Badalamenti,5
Music Of The Sun,Rihanna,7
More Than One Love,Venice,1
Fire (Orange Factory Dub),Dolce; Orange Factory,5
Street Lights,Kanye West,12
Houston Anthem,DJ Nasty,5
Til The Storm Passes By,Bill & Gloria Gaither,9
Curiosity,The Jets,14
Indita Mia (Album Version),Alacranes Musical,7
Harry Flowers,William Orbit,8
Broke Down,Radio Moscow,12
Bop Moon,Giuseppi Logan,19
Dime,Conjunto Mar Azul,11
Gonna Take a Miracle,The Elders,2
Mr. Sellack (Album Version),The Roches,0
The Lull Before The Storm,Ron Goodwin,9
Atto Quarto: 'La Fatal Pietra Sovra Me Si Chiuse...' (Radames) (Verdi),Orchestra e Coro del Palacio de Bellas Artes Di Cittá del Messico_ Oliviero De Fabritiis_ Maria Call,16
Hypnotise The Cat,Tam Tam Go!,19
Look Me In The Eye,Margaret Becker,7
Nassau Town,John D. Loudermilk,3
Orgasme Tellurique,Stille Volk,2
Amdokwe,Vusi Mahlasela,3
Too Late (Orange Factory Extended Mix),Tina Ann,5
The Buzzard's Back in Town (Live),Pumpkin Buzzard,19
Pocket Calculator (2009 Digital Remaster),Kraftwerk,14
Bright Lights_ Big City,Jim Jones / Max B,5
Silence,Mothers Pride,18
Snow [Hey Oh] [Live Version],Red Hot Chili Peppers,2
Le clair de lune à maubeuge,Bézu,4
Letters to Norway,Planetakis,12
They Know (Remix),Rick Ross,11
Absolute Horizon,Byzantine,12
Life Is Real,Ayo,7
Turnpike,Halfway to Gone,1
Maybe Someday...,Simply Red,5
Still Love Remains (Album Version),Seal,10
Spoonful,Robben Ford,12
The First Leaves Of Autumn,The Fureys,3
j Uh!,Juana Molina,3
Seventy Times Seven (LP Version),David Meece,5
Brother Brick Says,Claw Hammer,1
I See War,IYOV,2
If You Think You Are Lonely Now,Kashief Lindo,7
You're Looking Good,Dee Clark,8
Sting Me,The Black Crowes,12
Studen plamuk,Sofi Marinova,5
Lioraras,Los Ninos De Sara,5
Anita Love's,Carlos Jimenez,14
UBIK The Breakz (feat. Martin Bettinghaus) - Radio Mix,Timo Maas,8
Mercy (Album Version),Darwin Hobbs,8
Little Drummer Boy,The Almost,19
Silencio De Aguas Profundas,Alas,13
Cooling Out,Cocoa Tea,4
Two Four One,Dave And Ansel Collins,7
Stagger Lee,Nick Cave & The Bad Seeds,7
I'll Come Running,Connie Smith,5
Boogie,Wilks featuring pee wee ellis,17
Thresh Hold,Uphill Battle,1
Mambo del Beso,Orquesta Aragón,6
Broken Promises (album version),Moments In Grace,1
Boulevard In Heaven,Barbara Fairchild,8
Only A Look,The Nelons,8
Do It,DJ Nasty,14
Fuckin' Wita Psycho,X-Raided,4
My Girlfriend's Friend,The Refreshments,2
Love & Devotion,Sizzla,4
Everything's Gonna Be Alright (Live Version),King Curtis with Jack Dupree,19
Werther - Lyric Drama in four Acts/Act I/Rêve! Extase! Bonheur!,Ramón Vargas;Vesselina Kasarova;Vladimir Jurowski,16
Just A Little Bit Of You,Michael Jackson,12
Just A Phase,Incubus,10
Losin' End (LP Version),Michael McDonald,9
It Is What It Is (feat. Anton X),Omni,14
I'm Gonna Cry Til' My Tears Run Dry,Irma Thomas,5
Moritat (Mack The Knife),Bobby Darin,10
Little Cry For Him (Chorinho Pra Ele) (LP Version),Hermeto Pascoal,11
Werewolf_ Semen And Blood,Beherit,1
On The Road To Emmaus,The Steeles,5
"Beauty Queen (12\" Spoon Club Mix)",SNAP!,14
Need More Blues,Sleepy John Estes,16
Revelations,Marco Beltrami,15
Si Te Dicen Por Ahi,Charlie Cruz,11
Silence,Jedi Mind Tricks,5
If You Ask Me,Nick Colionne,18
L'Etang Chimérique,Jacques Douai,8
El Capiro,Mercedes Castro,19
Pickled Heads,Elliot Goldenthal,10
Lian Ai Tian Chi,Kary Ng,5
Assisted Suicide 2.5,X-Raided,4
The Army Air Corps,The King Sisters & Alvino Rey,6
Tenderly,Billy May & His Orchestra,15
If My Baby (LP Version),Mista,7
Spirit in My Life (Earnshaw's Instrumental),Cedric Gervais Featuring Caroline,14
Groove It,Gene Latter,7
Shagi po bitomu steklu,Malina,5
Better Off That Way,Steve Smith,2
Informer,Sugar Minott,4
Mama's Boy,Suzi Quatro,1
Anxiety,Humanzi,2
Ice Cream Cakes,Jeff Beck Group,3
Country Preacher,Jimmy Johnson,18
Come To Me Tonight,Daniel Johnston,3
Treat Me Right (Jon Cutler Album Version),Kim English,14
Taste You,Auf Der Maur,5
Plastic Dreams,Jaydee,3
Dancehall Man,Thriller U,5
Tú,Shakira,10
Boyfriends,Vickie Winans,0
Deliverance,Sick Puppies,1
Caught In The Rain,Martin Sexton,0
Better Be Good,The Real Kids,2
Carol,Flamin' Groovies,1
Todo A Mi Favor,Juan Carlos Baglietto,11
Chant For Eschaton 2000,Behemoth,1
Buried Alive In The Blues,Michael Bloomfield,10
Bad Creation,Vivian,2
I Can't Help,Cocoa Tea,5
A Whiter Shade Of Pale,Annie Lennox,3
East,The Rongetz Foundation,10
All Of This,Blink-182,19
No Mercy Remix (Cade Money Remix),The Last Eighth feat. Dumi Right(Zimbabwe Legit) and Skillz,4
Chanson sous la pluie,Michèle Bernard,6
Track 04,Pelt,16
Like a Bird Pulling Up At a Worm,We Show Up On Radar,3
I Loves You Porgy,Percy Faith,9
House of Love,Steel Pulse,7
People Make The World,The Box Tops,3
Noites Cariocas (Minhas Noites Sem Sono),Gal Costa,11
Nie mehr heim,Kapelle Herrenweide,3
Alla Fine Di Tutto Questo,Fabri Fibra,12
Left Behind,The Steeles,11
Orchard,Moss,16
Finally,The Incurables,10
Entanglement,John Ottman,11
Frei zu sein,In Extremo,1
Now I'm All Over The Place_ Scoob (Album Version),Frank Caliendo,0
The Impala Incident (The Fifth Annual End Of The World Tour),Christoper Titus,0
Sounds Of The City,DJ Nasty,14
We Got You (Featuring Jaguar),The Roots / Jaguar,8
Dumy Moi-Zamicy Dal Nie...,Alkonost,1
Stereophonic Presentation - Kokoro_ Pt. 5,Roger Reynolds,16
Morning,Poncho Sanchez / Dianne Reeves,5
Always,RyanDan,3
Only If You Live There,Oliver Lake Quintet,8
A Galicia Vente Xa,Xose Manuel Budiño,12
Need Not,A Ghost Devotion,10
Good Question  (LP Version),Lee Ritenour,19
Bing,The Jason Bonham Band,2
Operation Love,Mark Ashley,5
Walk in the Park,Audio Pyper,14
Waterfall (Spirit Of The Rainforest Album Version),David Arkenstone,16
Si Xin De Li You,F.I.R.,8
The Tube,Spectra Soul,14
I'm Running Out Of Love,Dolly Parton,6
Mo Jing,CoCo Lee,4
Crystal Clear,Brainchoke,1
Magic Carpet Ride - Original,Glen Ricks,7
Turu wilakuy,Alturas,8
Love,YZ,4
The House Is Rockin',Stevie Ray Vaughan And Double Trouble,1
Bruttosozialprodukt,Geier Sturzflug,12
The Room,Bruce Carroll,3
Dancing Drums,Badmarsh & Shri,14
Can't Take My Eyes Off You,Muse,3
Grønn Dame_ Rød Klut (Sangen Om Boken Om Damen Anne Enger Lahnstein),Black Debbath,1
China Doll,Slim Whitman,16
Medley: Bobby Stenhouse; Braes Of Gleniffer; Girl In A Blue Dress,The Glencastle Sound,0
Icicle Rain,Claire Hamill,1
Ki An O Ageras Fisa,Nikos Xilouris,6
Main Title/Animal Crackers,The Marx Brothers,6
Great Escape (Good Intentions),Bob Neuwirth,3
Ill Always Love You,The Tokens,10
Non-Stop Floater,Marcelo Radulovich,1
The Strongest Wind That Blows,Shriekback,4
Galopera,Los Fabulosos,3
Haunted House,Gene Simmons,11
A Disconsolate Winter Landscape,Crematorium,9
Diamond In The Bluff,Memphis Sheiks,3
Soul Etouffe,Jazz Crusaders,5
Out In The Street,UFO,10
Tennessee Blues (Album Version),Geoff Muldaur,8
Niggas Die 4 Me,Drag-On / DMX,4
Cancion De Cuna_ Op. 49_ No. 4 (Brahms),Mariano Yanani,9
Never-ending,Esion Jim,10
Dubrovnic,Les Ogres De Barback,1
How Long,Joe Grushecky,19
Bass Fanactiks,DJ Phiene,18
Bazooka,Pat Travers,1
Stereo + Video,D:Fuse vs The Scumfrog,14
Menssa,Loketo,12
Cry Like An Angel,Shawn Colvin,10
Waiting For A Train [Live],John Sebastian,8
Black Night,Halfway to Gone,1
Geh,Kuba,11
Carrie's Theme,John Frizzell,9
All Your Love [Live 1999],Gary Moore,19
Hunter And The Hunted (Live),Simple Minds,19
Down In The Hole,James Taylor,8
La Llamada,Selena,5
Happy Beat,Edmundo Ros,11
Hur hur murmioon,Frederik,5
Find us Faithful,Bill Murk,10
Per Colpa Tua,Noemi,12
Are You Putting Me On The Shelf,Don & Juan,7
100%,Cocoa Tea,4
Plans (Cover Version - Original by Grizzly Bear),Band Of Horses,6
Oi! Oi! Oi!,Cockney Rejects,2
Miina ja Mikko markkinoilla,Esa Pakarinen,0
Mai,Loudermilk,10
What I've Got In Mind,Billie Jo Spears,7
Saturday Night's Alright (For Fighting),Nickelback featuring Kid Rock,1
The One Piece Puzzle,SKYCLAD,2
I've Been Cryin' Since You've Been Gone,New Roanoke Jug Band,12
Lets Go Amigos - Tail,Johnny Pearson,14
Slap U Around,GWAR,2
Make It Funky (Album Version),Information Society,17
I Could Be Dreaming,Belle and Sebastian,1
La Mamá De Jimmy,León Gieco,1
Like A Freza,Little Capes,7
Now And Forever,Call To Preserve,1
Soaked In Cinnamon,Ultimate Fakebook,19
Guardian Angel,Broadcast,19
Bourrée des Monts d'Aubrac,Jean Segurel,12
Babylon,Judas Iscariot,1
Du Verstehst Mich Nicht,Andreas Dorau,7
Honor The Lord (He Holds The Keys Album Version),Steve Green,12
Jalousie,André Verchuren,8
Dicen Por Ahi,Enrique Iglesias,12
Le complexe de Sisyphe,Melatonin,10
The Grand Vizier's Garden Party (Entrance) (1994 Digital Remaster),Pink Floyd,16
Turn Me On,Johnny Osbourne,4
Enclosed_ One Broken Heart,Eddy Arnold,6
Hollow Eyes (Beat The System Album Version),Petra,5
Sous les chataigniers,Jean Segurel,19
When A Man Loves A Woman,Alexander O'Neal,19
Gemini,Ashes to Ashes,19
Party Favours,Bionikworld,14
124,Photek,14
ABCD Medley,Laurie Berkner,19
Me Dicen El Feliz,Orquesta Sublime,6
Cabiria,Hot Club Of Cowtown,11
My Heart Is Booked,Pinchers,4
Plus chère la vie,Les Malpolis,5
Good Times Have Done Me Wrong (live) - exclusive version,Simply Red,5
Pu**y Pop,Xzibit featuring Jayo Felony and Method Man,4
Another Love Song,Warrior King,4
It Won't Be Long Now,Frank Stokes,9
Skank and Dub,Junior Reid,17
Un Espacio Para Andar (2002 Digital Remaster),Aleks Syntek,5
Put It Off Until Tomorrow,Mae West,0
Mary Had A Little Boy (Maestro Mix),SNAP!,12
Livin' On The Edge,Aerosmith,2
Visitor,Donna The Buffalo,12
REALIZATION: REMORSE,This Is Hell,2
Soul Simplicity,Soulwax,2
El Sabor lo Pongo Yo,David Andreu,5
Groundhog Day f/Cee-Lo Green & DJ Craze,Mayday,4
Come Around (Acoustic),Sister Hazel,19
Dream Of Ice,Dave Eggar,15
Don't Start Me Cryin' Now,DMZ,1
Touch The Sky,Kanye West / Lupe Fiasco,7
Casava Piece Riddim,Sly Dunbar,16
Going Out Tonight,HardNox,4
Oh The Joy That Came To Me,Sister Rosetta Tharpe,9
Allez_ Glissez!,Quadro Nuevo,11
Lagrima,Terry Muska,8
Salsa pa tí,Perrocker,7
Love and happiness,Billy Price_ Fred Chapellier,5
Sick 2 Think,Why?,18
Easy Life (Live),Cockney Rejects,1
Principe Nino - Original,Orquesta Broadway,18
Studio Dialogue (#26),The Stooges,14
Life Upon The Wicked Stage,Sophie Tucker,0
Mansion in the Sky,Florida Boys,6
Don't Bogart,Headhunter,10
Release Me,Don Gibson,9
Lost In The Future,Sneaky Sound System,19
Silent Night,Philip Bailey,3
When I Grow Up,Fever Ray,14
Mambo Italiano,Tony Murena,11
Raise Your Hand,Janis Joplin,19
The Loco Motion,Little Eva,1
Nature's Disappearing,John Mayall & The Bluesbreakers,5
Spain,Neviss,2
Transmission - [The Factory_ Manchester Live 11 April 1980],Joy Division,2
I.Y.A.,Chris Brown,18
These Days,Take It Back!,1
I Love You Baby,Thrilla U,4
What If I Kissed You Right Now?,Joi,17
Da Funk,Daft Punk,14
How Old Are You,Loudon Wainwright III,19
Jenny Jenny,The Shirrows,2
Con La Tinta De Mi Sangre,Mazz,19
We Will Stand,Russ Taff,7
Hillcrest Drive,The Del McCoury Band,2
You Gotta Move,Mississippi Fred McDowell,8
Twelve Gates To The City,John Cephas & Phil Wiggins,11
Engine Skull,Cancer Bats,1
Descontrol,Daddy Yankee,7
Indian Queen,Electric Light Orchestra,9
Genesis,Busta Rhymes,4
Easy or Not (Album Version),To My Surprise,1
Soul Music (ReMastered),Curtis Mayfield,11
Lonesome To The Bone,Johnny Cash,3
Hope  (Edited Album Version),Twista Featuring Cee-Lo,4
Donde Estas Corazon,Shakira,14
Unutmam,BassTurk,8
I've Come This Far by Faith,The Mighty Clouds Of Joy,9
The Avenue (Zack W. Remix),K-OS,18
Balada De La Mariposa,María Elena Walsh,6
You Were Only Fooling,Connie Francis,6
Amidar (CCCP Mix),Rui Da Silva,14
Down A Notch,Faking David,2
Gedroomd,Hef feat. Big2 & Dio,4
Everything I Need,All Girl Summer Fun Band,2
Starlight,Snowgoons,5
Jaan - Interlude,Rishi Rich,4
I Surrender All,Clay Crosse,10
I'm Wondering,Mikey General,7
Onni,Irwin Goodman,11
1000 Good Intentions,Rise Against,1
White Light,Gorillaz,10
All The Things You Are,Eliane Elias,15
Zanzibar,Lizzy Borden,2
Styles P Speaks (Interlude),Styles P,4
Mango Del Monte,Tito Rodriguez,19
A Broken Heart,Dallas Holm,8
Tomara (I Wish),Flora Purim,8
Certified Gangstas (featuring Jim Jones Camron & Bezell),The Game feat. Jim Jones Camron & Bezell,17
Slab Ridaz (feat. Lucky Luciano & Filero),Ice_ Lucky Luciano_ Filero,4
The First The Last Eternity (Till The End) (feat. Summer) (GDC Mix),SNAP!,5
Get Moose and Squirrel,Virgil Moorefield,0
I Don't Give a F**k,D.O.W.N.,4
Outskirts Of Life,GG Allin,7
The Queen's Treatment,Ada Jane,8
Future Traffic Song,Ashtrax,18
Compromise,The Berzerker,1
Sanctify Yourself (Extended Remix),Simple Minds,12
100% Dundee,The Roots,19
Den Me Agapas,Anna Vissi,19
Feel Better,California Oranges,12
Breezin' Along With the Breeze,The Merry Macs,0
Yo Odeconer,Kékélé,19
Aziatic (Outro),AZ,7
Show Fifteen with Bernard Sampson & Robert Sewell,Groucho Marx,6
Voici Les Clés,Gerard Lenorman,11
Kassoule,Tabu Ley Rochereau,6
Colour My XTC,Jeff Scott Soto,2
Problem Inna the System,Black History,18
Inoculated City,The Clash,7
Make This Love Last,Wendy Moten,7
The Other Side,Super700,11
Thank You Mr. Poobah ( Remastered 97' Version ),The Paul Butterfield Blues Band,3
Everything Has Changed,Patric C,12
Goin' Upstairs (Little Freddie King),Little Freddie King,7
Show Of Love,Jimmy Riley,5
Alte Pizza,Der Plan,4
Song From Moulin Rouge,Percy Faith & His Orchestra,9
Fast-Track,Radiohead,3
The Ghost At #1,Jellyfish,5
The Chosen Legacy,Dimmu Borgir,1
Drifting,David Arkenstone,18
Going Home (Acoustic),Catherine Howe,8
Blues 666,Fuzz,19
Wanna Hurt Mase? (Album Version),Mase,19
Ring The Alarm,Beyoncé,2
Seek 300,Information Society,5
Between Love & Hate,The Strokes,19
Endeka Para,Natassa Theodoridou,10
Estas Listo,Juan Carlos Baglietto,19
Last Thursday (Call Me Crazy),Carolyn Arends,12
Sangha the Outcast,Nick Ingman,9
Walking Through the Ghetto,Sugar Minott,4
Ol' Mother Earth (Album Version),Tony Joe White,8
Blue Cave,Steve Smith,15
Near My Soul,The Sonics,12
Cancion De Amor,2 Minutos,1
Something 'Bout Love,Lisa Lisa & Cult Jam,7
Laquelle Des Deux Est La Plus Snob,Jacques Dutronc,3
Dungeon Master,EPMD / Nocturnal,7
Cuore Appassionato,Sergio Franchi,3
My Prerogative,Britney Spears,14
Head For Backstage Pass,Jeff Beck,14
He's A Rebel,Crystals,19
